#Benchmark,Total DV-Inst,Total Inst,Total Cycles,Total cuops,Total buops,Total Branches,Total Loads,Total Stores,Total Wr Phi,Total Rd Phi,Total Phi,Tot PIRAT Acc,Total Phi/Accesses,RenameStalls,L1 Miss,L1 Hit,Avg Thread Occupancy,Warp Thru,Thru,Warp IPC,IPC,1T_IPC,Max Paths,branchnops,Bmispred,NoMispr,ParMispr,FullMispr,PIRATstalls,WAWstalls
swaptions,1722144288,1726625893,1106549162,856752,2276513,162217927,421982476,129203088,4712879,353277921,357990800,2830010742,1.264980e+01%,122833972,53977960,557097393,1.141397e+00,1.602617e+00,1.829222e+00,1.560370e+00,1.367070e+00,1.960946e-01,13,223453700,16239492.000000,160024560.000000,1571390.000000,621971.000000,31729971,2170727

